{"cameraMode":{"drawMode":0,"name":"Shaded","section":"Shading Mode"},"sceneLighting":true,"audioPlay":false,"sceneViewState":{"m_AlwaysRefresh":false,"showFog":false,"showSkybox":false,"showFlares":true,"showImageEffects":true,"showParticleSystems":true,"showVisualEffectGraphs":true,"m_FxEnabled":true},"in2DMode":false,"pivot":{"x":1.7351659536361695,"y":-10.053624153137207,"z":1.666579246520996},"rotation":{"x":-0.6107460856437683,"y":-0.0011947971070185304,"z":0.0009060964803211391,"w":-0.7918455004692078},"size":14.3318510055542,"orthographic":false}