{"cameraMode":{"drawMode":0,"name":"Shaded","section":"Shading Mode"},"sceneLighting":true,"audioPlay":false,"sceneViewState":{"m_AlwaysRefresh":false,"showFog":false,"showSkybox":false,"showFlares":true,"showImageEffects":true,"showParticleSystems":true,"showVisualEffectGraphs":true,"m_FxEnabled":true},"in2DMode":false,"pivot":{"x":-1.6872594356536866,"y":-2.4895286560058595,"z":6.451821327209473},"rotation":{"x":-0.4536746144294739,"y":-0.018717005848884584,"z":0.009518912993371487,"w":-0.8909319639205933},"size":7.672917366027832,"orthographic":false}