{"cameraMode":{"drawMode":0,"name":"Shaded","section":"Shading Mode"},"sceneLighting":true,"audioPlay":false,"sceneViewState":{"m_AlwaysRefresh":false,"showFog":false,"showSkybox":false,"showFlares":true,"showImageEffects":true,"showParticleSystems":true,"showVisualEffectGraphs":true,"m_FxEnabled":true},"in2DMode":false,"pivot":{"x":-2.8906736373901369,"y":0.5687308311462402,"z":0.3058757781982422},"rotation":{"x":-0.5534422993659973,"y":-0.003754011821001768,"z":0.002481242176145315,"w":-0.832888126373291},"size":3.306917667388916,"orthographic":false}