{"cameraMode":{"drawMode":0,"name":"Shaded","section":"Shading Mode"},"sceneLighting":true,"audioPlay":false,"sceneViewState":{"showFog":false,"showMaterialUpdate":false,"showSkybox":false,"showFlares":true,"showImageEffects":true,"showParticleSystems":true},"in2DMode":false,"pivot":{"x":9.152926445007325,"y":-15.852544784545899,"z":13.83702278137207},"rotation":{"x":0.42714202404022219,"y":-0.004112128634005785,"z":0.0018521957099437714,"w":0.9042287468910217},"size":13.465999603271485,"orthographic":false}