{"cameraMode":{"drawMode":0,"name":"Shaded","section":"Shading Mode"},"sceneLighting":false,"audioPlay":false,"sceneViewState":{"showFog":true,"showMaterialUpdate":false,"showSkybox":false,"showFlares":true,"showImageEffects":true,"showParticleSystems":true},"in2DMode":false,"pivot":{"x":0.7760177850723267,"y":0.471979022026062,"z":1.2044029235839844},"rotation":{"x":0.06702392548322678,"y":0.05744596943259239,"z":0.004020981956273317,"w":-0.9961655139923096},"size":5.531222343444824,"orthographic":false}