{"cameraMode":{"drawMode":0,"name":"Shaded","section":"Shading Mode"},"sceneLighting":true,"audioPlay":false,"sceneViewState":{"showFog":false,"showMaterialUpdate":false,"showSkybox":false,"showFlares":false,"showImageEffects":false,"showParticleSystems":false},"in2DMode":false,"pivot":{"x":7.903369903564453,"y":-3.9975273609161379,"z":11.379690170288086},"rotation":{"x":0.2257564663887024,"y":-0.12103669345378876,"z":0.028258074074983598,"w":0.9663621783256531},"size":8.80362319946289,"orthographic":false}